_id,title,brand,category,description,originalPrice,discountedPrice,discountPercentage,imageSrc,inventory,soldCount,likedUsers,createdAt,updatedAt,__v
678e14f844a092bc866418e5,عطر و ادکلن شبانه,گلابستان,"['عطر', 'عطر و ادکلن']",عطر و ادکلن با رایحه‌ای گرم و معطر مناسب استفاده در شب.,500000,425000,15,/images/products/perfume/1.jpg,100,25,"[ObjectId('67b9d457cabe1f6047d8c6c6'), ObjectId('67b9d66fcabe1f6047d8d122')]",2025-01-20 09:18:48.672,2025-02-22 13:52:25.464,32
678e14f844a092bc866418e9,خوشبو کننده بدن لاله,بوییار,"['عطر', 'خوشبو کننده بدن']",خوشبو کننده بدن با رایحه‌ی لطیف لاله، مناسب استفاده روزانه.,200000,180000,10,/images/products/perfume/2.jpg,200,50,"[ObjectId('67b9cf46cabe1f6047d8b698'), ObjectId('67b9d3d7cabe1f6047d8c481'), ObjectId('67b9d457cabe1f6047d8c6c6'), ObjectId('67b9d5c4cabe1f6047d8cd70')]",2025-01-20 09:18:48.941,2025-02-22 13:49:12.539,20
678e14f944a092bc866418ed,شامپو تغذیه‌کننده گیاهان دارویی,رونیکا,"['مو', 'مراقبت مو']",شامپویی سرشار از عصاره‌های گیاهان دارویی برای تغذیه عمیق موها.,150000,135000,10,/images/products/hair/11.jpg,300,120,"[ObjectId('67b9d00ccabe1f6047d8b810'), ObjectId('67b9d16bcabe1f6047d8b9e7'), ObjectId('67b9d209cabe1f6047d8bc7d'), ObjectId('67b9d2a5cabe1f6047d8be38'), ObjectId('67b9d37ecabe1f6047d8c281'), ObjectId('67b9d3d7cabe1f6047d8c481'), ObjectId('67b9d4bccabe1f6047d8c821')]",2025-01-20 09:18:49.188,2025-02-22 13:46:39.756,37
678e14f944a092bc866418f1,ژل حالت‌دهنده بافت‌دار,استایلینگ پرو,"['مو', 'حالت دهنده']",ژلی با بافت‌دار برای ایجاد حالت‌های مختلف مو بدون ایجاد چربی.,80000,72000,10,/images/products/hair/22.jpg,250,80,"[ObjectId('67b9d209cabe1f6047d8bc7d'), ObjectId('67b9d32ecabe1f6047d8c072'), ObjectId('67b9d37ecabe1f6047d8c281'), ObjectId('67b9d521cabe1f6047d8c9e8'), ObjectId('67b9d563cabe1f6047d8cb5a'), ObjectId('67b9d66fcabe1f6047d8d122')]",2025-01-20 09:18:49.447,2025-02-22 13:52:28.193,34
678e14f944a092bc866418f5,کرم رنگ مو پالیدینگ,کلرما,"['مو', 'رنگ و ملزومات']",کرم رنگ مو با فرمول پالیدینگ برای مداوم‌ترین پوشش رنگ.,300000,270000,10,/images/products/hair/3.jpg,150,60,"[ObjectId('67b9d32ecabe1f6047d8c072'), ObjectId('67b9d37ecabe1f6047d8c281'), ObjectId('67b9d521cabe1f6047d8c9e8')]",2025-01-20 09:18:49.720,2025-02-22 13:46:15.788,33
678e14f944a092bc866418f9,کرم مراقبت صورت ضدچروک,زیباکو,"['بهداشتی', 'مراقبت صورت']",کرم مرطوب‌کننده با خاصیت ضدچروک برای حفظ جوانی پوست.,400000,340000,15,/images/products/sanitary/1.jpg,180,90,"[ObjectId('678f671a77bdc2dd8ccd09eb'), ObjectId('678e0fe596822708dc914e9f'), ObjectId('67b9cf46cabe1f6047d8b698'), ObjectId('67b9d00ccabe1f6047d8b810'), ObjectId('67b9d32ecabe1f6047d8c072')]",2025-01-20 09:18:49.978,2025-02-22 13:38:32.169,9
678e14fa44a092bc866418fd,صابون تغذیه‌کننده بدن نارگیل,بادی نیوز,"['بهداشتی', 'مراقبت بدن']",صابونی با عصاره نارگیل برای نرم و لطیف کردن پوست بدن.,60000,51000,15,/images/products/sanitary/2.jpg,400,150,[ObjectId('67b9d00ccabe1f6047d8b810')],2025-01-20 09:18:50.260,2025-02-22 13:29:19.391,1
678e14fa44a092bc86641901,سوهان اصلاح برقی حرفه‌ای,برقی پرو,"['بهداشتی', 'اصلاح صورت و بدن']",سوهان برقی با قابلیت تنظیم سرعت برای اصلاح دقیق و راحت.,350000,297500,15,/images/products/sanitary/3.jpg,80,40,[ObjectId('67b9d734cabe1f6047d8d43e')],2025-01-20 09:18:50.502,2025-02-22 13:56:41.548,3
678e14fa44a092bc86641905,لاک ناخن مات چرم,نخونداز,"['ناخن', 'مراقبت ناخن']",لاک ناخن با Finish مات و ماندگاری بالا برای ظاهری شیک.,90000,76500,15,/images/products/nail/2.jpg,220,110,[ObjectId('67b9d16bcabe1f6047d8b9e7')],2025-01-20 09:18:50.768,2025-02-22 13:30:31.230,5
678e14fa44a092bc86641909,ست تجهیزات ناخن حرفه‌ای,نگه‌دار,"['ناخن', 'تجهیزات و ابزار های ناخن']",ست کامل ابزارهای ضروری برای آرایشگران ناخن حرفه‌ای.,500000,425000,15,/images/products/nail/11.jpg,60,30,[ObjectId('67b9d7becabe1f6047d8d529')],2025-01-20 09:18:51.013,2025-02-22 13:59:11.612,1
678e14fb44a092bc8664190d,مسواک برقی پیشرفته مدل X,دیندی,"['دهان و دندان', 'ابزار بهداشت دهان']",مسواک برقی با تکنولوژی پیشرفته تمیزکنندگی دهان در یک دقیقه.,250000,212500,15,/images/products/teeth/2.jpg,130,65,[ObjectId('67b9d61acabe1f6047d8cf69')],2025-01-20 09:18:51.269,2025-02-22 13:51:09.583,1
678e14fb44a092bc86641911,خمیر دندان طبیعی نعناع,دنتابیو,"['دهان و دندان', 'محصولات تخصصی']",خمیر دندان با عصاره نعناع طبیعی برای تازگی نفس و سلامت دندان‌ها.,80000,68000,15,/images/products/teeth/3.jpg,350,175,[],2025-01-20 09:18:51.563,2025-02-21 07:40:50.397,10
678e14fb44a092bc86641915,پاک‌کننده دهان مینت تری,همپگز,"['دهان و دندان', 'پاک کننده']",پاک‌کننده دهان مایع با طعم مینت برای تازگی نفس طولانی مدت.,70000,59500,15,/images/products/teeth/11.jpg,300,150,[],2025-01-20 09:18:51.810,2025-01-20 09:18:51.810,0
678e14fb44a092bc86641919,ماسک صورت جوان‌کننده عسل,پوستین,"['بهداشتی', 'مراقبت صورت']",ماسک صورت با عسل طبیعی برای تغذیه و جوان‌کنندگی پوست.,120000,102000,15,/images/products/sanitary/111.jpg,140,70,[ObjectId('67b9d734cabe1f6047d8d43e')],2025-01-20 09:18:52.069,2025-02-22 13:56:45.318,5
678e14fc44a092bc8664191d,کله‌پاچه اصلاحی دستی,برش آرایش,"['بهداشتی', 'اصلاح صورت و بدن']",کله‌پاچه اصلاحی با تیغه‌های تیز و طراحی ارگونومیک برای اصلاح دقیق.,150000,127500,15,/images/products/sanitary/33.jpg,90,45,[],2025-01-20 09:18:52.321,2025-01-20 09:18:52.321,0
678e14fc44a092bc86641921,اسپری محافظ مو UV Shield,موپلس,"['مو', 'مراقبت مو']",اسپری محافظ مو در برابر اشعه UV برای حفظ سلامت و درخشندگی مو.,110000,93500,15,/images/products/hair/1.jpg,160,80,[],2025-01-20 09:18:52.630,2025-02-07 09:58:09.103,2
678e14fc44a092bc86641925,کرم بدن لوسیون مرطوب‌کننده,هیدرا,"['بهداشتی', 'مراقبت بدن']",لوسیون کرم بدن با فرمول مرطوب‌کننده عمیق برای پوست نرم و لطیف.,180000,153000,15,/images/products/sanitary/22.jpg,200,100,[ObjectId('67b9d6c6cabe1f6047d8d280')],2025-01-20 09:18:52.868,2025-02-22 13:53:51.607,1
678e14fd44a092bc86641929,ترموستایلور سرگیر,استایل ماکس,"['مو', 'حالت دهنده']",ترموستایلور با درجه حرارت قابل تنظیم برای ایجاد حالت‌های متنوع مو.,220000,187000,15,/images/products/hair/2.jpg,75,35,[],2025-01-20 09:18:53.145,2025-01-20 09:18:53.145,0
678e14fd44a092bc8664192d,پالتو اصلاحی برقی حرفه‌ای,برقی پرو,"['بهداشتی', 'اصلاح صورت و بدن']",پالتو اصلاحی برقی با باتری قوی و طراحی ارگونومیک برای اصلاح سریع.,400000,340000,15,/images/products/sanitary/33.jpg,65,30,[],2025-01-20 09:18:53.407,2025-02-05 20:43:01.745,2
678e14fd44a092bc86641931,نیرومود ماسک فیبر پروتئین,موپلاس,"['مو', 'مراقبت مو']",ماسک فیبر پروتئین برای تقویت و بازسازی ساختار موهای آسیب‌دیده.,130000,110500,15,/images/products/hair/1.jpg,180,90,[],2025-01-20 09:18:53.654,2025-01-20 09:18:53.654,0
678e150e44a092bc86641935,عطر و ادکلن صبحگاهی,ایوانا,"['عطر', 'عطر و ادکلن']",عطر و ادکلن با رایحه‌ای تازه و انرژی‌بخش مناسب استفاده در صبح.,450000,382500,15,/images/products/perfume/11.jpg,120,60,[],2025-01-20 09:19:10.217,2025-01-20 09:19:10.217,0
678e150e44a092bc86641939,لوسیون بدن وانیل,راحتی,"['بهداشتی', 'مراقبت بدن']",لوسیون بدن با رایحه وانیل طبیعی برای نرم و لطیف شدن پوست.,180000,153000,15,/images/products/sanitary/22.jpg,250,125,[ObjectId('67b9d734cabe1f6047d8d43e')],2025-01-20 09:19:10.463,2025-02-22 13:56:38.373,1
678e150e44a092bc8664193d,شامپو نرم‌کننده موی خشک,موی نرم,"['مو', 'مراقبت مو']",شامپویی مخصوص موهای خشک و آسیب‌دیده با فرمول نرم‌کننده.,130000,110500,15,/images/products/hair/1.jpg,180,90,[ObjectId('67b9d209cabe1f6047d8bc7d')],2025-01-20 09:19:10.739,2025-02-22 13:34:31.797,1
678e150e44a092bc86641941,ژل حالت‌دهنده سرخوش,هیراستایل,"['مو', 'حالت دهنده']",ژلی سبک و بدون چربی برای ایجاد شکل‌های متنوع مو.,70000,59500,15,/images/products/hair/22.jpg,210,105,[ObjectId('67b9d563cabe1f6047d8cb5a')],2025-01-20 09:19:10.983,2025-02-22 13:48:30.691,1
678e150f44a092bc86641945,کرم رنگ مو بی‌نمک,کلرمکس,"['مو', 'رنگ و ملزومات']",کرم رنگ مو با فرمول بی‌ضرر و ماندگاری بالا برای رنگی طبیعی.,320000,272000,15,/images/products/hair/3.jpg,140,70,[ObjectId('67b9d563cabe1f6047d8cb5a')],2025-01-20 09:19:11.245,2025-02-22 13:48:28.162,1
678e150f44a092bc86641949,تجهیزات ناخن حرفه‌ای,ناخندار,"['ناخن', 'تجهیزات و ابزار های ناخن']",ست کامل ابزارهای ضروری برای آرایشگران ناخن حرفه‌ای.,550000,467500,15,/images/products/nail/11.jpg,50,25,[ObjectId('67b9d7becabe1f6047d8d529')],2025-01-20 09:19:11.489,2025-02-22 13:57:45.519,1
678e150f44a092bc8664194d,کوتاه‌کننده ناخن دقیق,ناخنیکس,"['ناخن', 'مراقبت ناخن']",کوتاه‌کننده ناخن با تیغه‌های تیز و طراحی ارگونومیک برای استفاده آسان.,80000,68000,15,/images/products/nail/2.jpg,300,150,[ObjectId('67b9d61acabe1f6047d8cf69')],2025-01-20 09:19:11.740,2025-02-22 13:51:21.013,1
678e150f44a092bc86641951,فلاس دهان ضدعفونی‌کننده,دنتک,"['دهان و دندان', 'پاک کننده']",فلاسی مایع با خواص ضدعفونی‌کننده برای تمیزی و سلامت دهان.,90000,76500,15,/images/products/teeth/1.jpg,220,110,[],2025-01-20 09:19:12.017,2025-01-20 09:19:12.017,0
678e151044a092bc86641955,مسواک دستی سفیره,دنتاپلاس,"['دهان و دندان', 'ابزار بهداشت دهان']",مسواک دستی با برس‌های نرم و طراحی زیبا برای تمیزی بهتر دندان‌ها.,40000,34000,15,/images/products/teeth/22.jpg,500,250,"[ObjectId('67b9cf46cabe1f6047d8b698'), ObjectId('67b9d2a5cabe1f6047d8be38'), ObjectId('67b9d37ecabe1f6047d8c281')]",2025-01-20 09:19:12.286,2025-02-22 13:39:34.437,27
678e151044a092bc86641959,خمیر دندان دارچین طبیعی,دنتاگان,"['دهان و دندان', 'محصولات تخصصی']",خمیر دندان با عصاره دارچین طبیعی برای تقویت دندان‌ها و جلوگیری از پوسیدگی.,85000,72250,15,/images/products/teeth/3.jpg,330,165,[],2025-01-20 09:19:12.547,2025-01-20 09:19:12.547,0
678e151044a092bc8664195d,ماسک موهای ترمیم‌شده,موپلاس,"['مو', 'مراقبت مو']",ماسک مو با فرمول ترمیم‌شده برای بازسازی ساختار موهای آسیب‌دیده.,150000,127500,15,/images/products/hair/11.jpg,160,80,[],2025-01-20 09:19:12.798,2025-01-20 09:19:12.798,0
678e151044a092bc86641961,آچار ناخن استیل,ناخن‌آچار,"['ناخن', 'تجهیزات و ابزار های ناخن']",آچاری از جنس استیل ضدزنگ برای انجام کارهای دقیق ناخن.,60000,51000,15,/images/products/nail/11.jpg,280,140,[],2025-01-20 09:19:13.046,2025-01-20 09:19:13.046,0
678e151144a092bc86641965,کرم صورت ضدجوش بیترین,زیباکو,"['بهداشتی', 'مراقبت صورت']",کرم مرطوب‌کننده با فرمول ضدجوش برای پوست‌های حساس و مستعد جوش.,220000,187000,15,/images/products/sanitary/1111.jpg,190,95,[],2025-01-20 09:19:13.312,2025-01-20 09:19:13.312,0
678e151144a092bc86641969,سومویی اصلاحی دقیق,برقیکا,"['بهداشتی', 'اصلاح صورت و بدن']",سومویی اصلاحی با تیغه‌های قابل تعویض و عملکرد بی‌نقص.,300000,255000,15,/images/products/sanitary/33.jpg,85,42,[],2025-01-20 09:19:13.562,2025-01-20 09:19:13.562,0
678e151144a092bc8664196d,ماسک تغذیه‌کننده بدن کارامل,پوستین,"['بهداشتی', 'مراقبت بدن']",ماسک بدن با طعم کارامل برای تغذیه و نرم‌کنندگی پوست.,130000,110500,15,/images/products/sanitary/2.jpg,170,85,[ObjectId('67b9d734cabe1f6047d8d43e')],2025-01-20 09:19:13.830,2025-02-22 13:56:35.615,1
678e151144a092bc86641971,اسپری مو ضدی پس‌اندازدار,موپلاس,"['مو', 'مراقبت مو']",اسپری مو با خاصیت ضدی و پس‌انداز انرژی برای استفاده مطمئن روزانه.,120000,102000,15,/images/products/hair/111.jpg,140,70,"[ObjectId('67b9d209cabe1f6047d8bc7d'), ObjectId('67b9d563cabe1f6047d8cb5a')]",2025-01-20 09:19:14.088,2025-02-22 13:48:25.569,2
678e151244a092bc86641975,پک ماسک ناخن باورت,ناخن‌آر,"['ناخن', 'مراقبت ناخن']",پک ماسک ناخن با فرمول افزایش رشد و تقویت ناخن‌ها.,95000,80750,15,/images/products/nail/2.jpg,210,105,[],2025-01-20 09:19:14.347,2025-01-20 09:19:14.347,0
678e151244a092bc86641979,برسی بهداشت دهان لاتک,دنتاپلاس,"['دهان و دندان', 'ابزار بهداشت دهان']",برسی چندحلقه‌ای با لاته‌های نرم برای تمیزی عمیق دندان‌ها.,50000,42500,15,/images/products/teeth/2.jpg,350,175,[],2025-01-20 09:19:14.604,2025-01-20 09:19:14.604,0
678e151244a092bc8664197d,عطر و ادکلن تابستانی,گلابستان,"['عطر', 'عطر و ادکلن']",عطر و ادکلن با رایحه‌ای خنک و مناسب فصل تابستان.,480000,408000,15,/images/products/perfume/1.jpg,110,55,[ObjectId('67b9d5c4cabe1f6047d8cd70')],2025-01-20 09:19:14.854,2025-02-22 13:49:15.388,1
678e151244a092bc86641981,خوشبو کننده بدن نارنجی,بوییار,"['عطر', 'خوشبو کننده بدن']",خوشبو کننده بدن با رایحه‌ای میوه‌ای و نشاط‌آور نارنجی.,210000,178500,15,/images/products/perfume/2.jpg,230,115,[],2025-01-20 09:19:15.099,2025-01-20 09:19:15.099,0
678e151344a092bc86641985,شیر محصول موی ژلاتین,ژلاتهو,"['مو', 'مراقبت مو']",شیر مویی با فرمول ژلاتینی برای تغذیه و نرمی بیشتر موها.,160000,136000,15,/images/products/hair/11.jpg,190,95,"[ObjectId('67b9d209cabe1f6047d8bc7d'), ObjectId('67b9d4bccabe1f6047d8c821')]",2025-01-20 09:19:15.342,2025-02-22 13:45:15.136,2
678e151344a092bc86641989,سمبوی گلی تالیا,طلیسمو,"['مو', 'حالت دهنده']",سمبویی سبک با رایحه‌ای گل‌دار برای ایجاد حالت‌های نرم و طبیعی.,90000,76500,15,/images/products/hair/22.jpg,260,130,[],2025-01-20 09:19:15.593,2025-01-20 09:19:15.593,0
678e151344a092bc8664198d,کرم بدن لایه‌بردار,هیدرا,"['بهداشتی', 'مراقبت بدن']",کرم بدن با خاصیت لایه‌برداری برای نرم و صاف شدن پوست.,200000,170000,15,/images/products/sanitary/22.jpg,180,90,[],2025-01-20 09:19:15.862,2025-01-20 09:19:15.862,0
678e151344a092bc86641991,پالتو اصلاحی هیبرید,برقی هیبرید,"['بهداشتی', 'اصلاح صورت و بدن']",پالتو اصلاحی با تکنولوژی هیبرید برای اصلاح همزمان مو و بدن.,420000,357000,15,/images/products/sanitary/33.jpg,70,35,[],2025-01-20 09:19:16.103,2025-01-20 09:19:16.103,0
678e151444a092bc86641995,فیبر پروتئین موپلاس,موپلاس,"['مو', 'مراقبت مو']",فیبر پروتئین برای تقویت و بازسازی موهای ضعیف و آسیب‌دیده.,140000,119000,15,/images/products/hair/111.jpg,160,80,[],2025-01-20 09:19:16.360,2025-01-20 09:19:16.360,0
678e151444a092bc86641999,عطر و ادکلن زمستانی,ایوانا,"['عطر', 'عطر و ادکلن']",عطر و ادکلن با رایحه‌ای گرم و دلنشین مناسب فصل زمستان.,500000,425000,15,/images/products/perfume/1.jpg,100,50,[],2025-01-20 09:19:16.617,2025-01-20 09:19:16.617,0
678e151444a092bc8664199d,پاک‌کننده دهان نیلوفر,همپگز,"['دهان و دندان', 'پاک کننده']",پاک‌کننده دهان مایع با عصاره نیلوفر برای تازگی و سلامت دهان.,75000,63750,15,/images/products/teeth/1.jpg,290,145,[],2025-01-20 09:19:16.862,2025-01-20 09:19:16.862,0
678e151544a092bc866419a1,شامپو حجم‌دهنده پرفکت,رونیکا,"['مو', 'مراقبت مو']",شامپویی با فرمول حجم‌دهنده برای موهای پرپشت و حجیم.,140000,119000,15,/images/products/hair/11.jpg,200,100,[ObjectId('678e0fe596822708dc914e9f')],2025-01-20 09:19:17.139,2025-02-21 07:31:30.833,3
678e151544a092bc866419a5,ماسک ترمیمی نئون,موپلاس,"['مو', 'مراقبت مو']",ماسک مو با فرمول ترمیمی برای بازسازی موهای شکسته و آسیب‌دیده.,170000,144500,15,/images/products/hair/111.jpg,150,75,[],2025-01-20 09:19:17.398,2025-01-20 09:19:17.398,0
678e151544a092bc866419a9,کرم بدن ضدآفتاب سپیدار,زیباکو,"['بهداشتی', 'مراقبت بدن']",کرم بدن با خاصیت ضدآفتاب برای محافظت از پوست در برابر اشعه UV.,250000,212500,15,/images/products/sanitary/22.jpg,160,80,[],2025-01-20 09:19:17.746,2025-01-20 09:19:17.746,0
678e151544a092bc866419ad,ترمو تار موپلاس,موپلاس,"['مو', 'حالت دهنده']",ترمو تار مخصوص موهای بلند و پرپشت برای ایجاد حالت‌های زیبا.,190000,161500,15,/images/products/hair/2.jpg,130,65,[],2025-01-20 09:19:17.999,2025-01-20 09:19:17.999,0
678e153244a092bc866419b1,عطر و ادکلن رومانی,بویفا,"['عطر', 'عطر و ادکلن']",عطر و ادکلن با رایحه‌ای مشرقی و دلنشین، مناسب استفاده در شب‌های تابستانی.,520000,442000,15,/images/products/perfume/11.jpg,95,45,[],2025-01-20 09:19:46.169,2025-01-20 09:19:46.169,0
678e153244a092bc866419b5,لوسیون بدن توت سفید,راحتی,"['بهداشتی', 'مراقبت بدن']",لوسیون بدن با عصاره توت سفید برای نرم و لطیف شدن پوست.,190000,161500,15,/images/products/sanitary/22.jpg,210,105,[],2025-01-20 09:19:46.482,2025-01-20 09:19:46.482,0
678e153244a092bc866419b9,شامپو تقویتی موی ضخیم,موپلاس,"['مو', 'مراقبت مو']",شامپویی با فرمول تقویتی برای افزایش ضخامت موها و جلوگیری از ریزش.,160000,136000,15,/images/products/hair/11.jpg,180,90,[],2025-01-20 09:19:46.729,2025-01-20 09:19:46.729,0
678e153244a092bc866419bd,ژل حالت‌دهنده کرم,استایل پرو,"['مو', 'حالت دهنده']",ژلی کرمی برای ایجاد حالت‌های نرم و طبیعی بدون ایجاد چربی.,85000,72250,15,/images/products/hair/22.jpg,150,75,[],2025-01-20 09:19:46.974,2025-01-20 09:19:46.974,0
678e153344a092bc866419c1,کرم رنگ مو پاستیل,کلرینگ,"['مو', 'رنگ و ملزومات']",کرم رنگ مو با رنگ‌های پاستیل برای ایجاد تغییرات زیبا و طبیعی.,310000,263500,15,/images/products/hair/3.jpg,140,70,[],2025-01-20 09:19:47.239,2025-01-20 09:19:47.239,0
678e153344a092bc866419c5,کرم مراقبت صورت شب,زیباکو,"['بهداشتی', 'مراقبت صورت']",کرم مرطوب‌کننده با تاثیرات ترمیمی عمیق برای پوست در شب.,240000,204000,15,/images/products/sanitary/1.jpg,170,85,[],2025-01-20 09:19:47.498,2025-01-20 09:19:47.498,0
678e153344a092bc866419c9,صابون ضدباکتری بدن نعناع,بادی کلین,"['بهداشتی', 'مراقبت بدن']",صابونی با خواص ضدباکتری و عطر نعناع برای تمیزی و تازگی پوست.,65000,55250,15,/images/products/sanitary/22.jpg,320,160,[],2025-01-20 09:19:47.758,2025-01-20 09:19:47.758,0
678e153344a092bc866419cd,سوهان اصلاح برقی مدل S,برقی پرو,"['بهداشتی', 'اصلاح صورت و بدن']",سوهانی با طراحی ارگونومیک و باتری قوی برای اصلاح سریع و دقیق.,310000,263500,15,/images/products/sanitary/33.jpg,85,42,[],2025-01-20 09:19:48.002,2025-01-20 09:19:48.002,0
678e153444a092bc866419d1,لاک ناخن براق سپید,ناخن‌آر,"['ناخن', 'مراقبت ناخن']",لاک ناخن با Finish براق و ماندگاری طولانی برای ظاهری درخشان.,95000,80750,15,/images/products/nail/2.jpg,200,100,"[ObjectId('67b9cf46cabe1f6047d8b698'), ObjectId('67b9d7becabe1f6047d8d529')]",2025-01-20 09:19:48.266,2025-02-22 13:59:19.203,2
678e153444a092bc866419d5,ست ابزار ناخن حرفه‌ای ProNail,ناخندار,"['ناخن', 'تجهیزات و ابزار های ناخن']",ست کامل ابزارهای حرفه‌ای برای انجام طراحی‌های دقیق ناخن.,600000,510000,15,/images/products/nail/11.jpg,55,27,[],2025-01-20 09:19:48.542,2025-01-20 09:19:48.542,0
678e153444a092bc866419d9,مسواک برقی هوشمند SmartBrush,دنتا پرو,"['دهان و دندان', 'ابزار بهداشت دهان']",مسواک برقی هوشمند با سنسور فشار برای تمیزی عمیق دندان‌ها.,270000,229500,15,/images/products/teeth/2.jpg,140,70,[],2025-01-20 09:19:48.796,2025-01-20 09:19:48.796,0
678e153444a092bc866419dd,خمیر دندان گوشت‌دار,دنتاکو,"['دهان و دندان', 'محصولات تخصصی']",خمیر دندان با عصاره گوشت برای تقویت دندان‌ها و لثه‌ها.,90000,76500,15,/images/products/teeth/3.jpg,310,155,[],2025-01-20 09:19:49.068,2025-01-20 09:19:49.068,0
678e153544a092bc866419e1,پاک‌کننده دهان میوه‌ای,همپگز,"['دهان و دندان', 'پاک کننده']",پاک‌کننده دهان با طعم میوه‌ای برای تازگی نفس طولانی مدت.,72000,61200,15,/images/products/teeth/1.jpg,280,140,[ObjectId('67b9d61acabe1f6047d8cf69')],2025-01-20 09:19:49.325,2025-02-22 13:51:12.839,1
678e153544a092bc866419e5,ماسک صورت آلبالو,پوستین,"['بهداشتی', 'مراقبت صورت']",ماسک صورت با عصاره آلبالو برای تغذیه و روشن‌کنندگی پوست.,130000,110500,15,/images/products/sanitary/11.jpg,160,80,[],2025-01-20 09:19:49.573,2025-01-20 09:19:49.573,0
678e153544a092bc866419e9,کله‌پاچه اصلاحی برنز,برش آرایش,"['بهداشتی', 'اصلاح صورت و بدن']",کله‌پاچه اصلاحی با تیغه‌های ضدزنگ و طراحی زیبا برای اصلاح دقیق.,165000,140250,15,/images/products/sanitary/3.jpg,95,47,[],2025-01-20 09:19:49.824,2025-01-20 09:19:49.824,0
678e153544a092bc866419ed,اسپری محافظ مو UV Shield Plus,موپلاس,"['مو', 'مراقبت مو']",اسپری محافظ مو با فرمول پیشرفته برای حفاظت بیشتر در برابر اشعه UV.,125000,106250,15,/images/products/hair/11.jpg,150,75,[],2025-01-20 09:19:50.084,2025-01-20 09:19:50.084,0
678e153644a092bc866419f1,کرم بدن مرطوب‌کننده عسل,هیدرا,"['بهداشتی', 'مراقبت بدن']",کرم بدن با فرمول عسل طبیعی برای نرمی و مرطوب‌کنندگی بیشتر پوست.,210000,178500,15,/images/products/sanitary/22.jpg,190,95,[],2025-01-20 09:19:50.341,2025-01-20 09:19:50.341,0
678e153644a092bc866419f5,ترموستایلور Ultra,استایل ماکس,"['مو', 'حالت دهنده']",ترموستایلور با تکنولوژی پیشرفته برای ایجاد حالت‌های حرفه‌ای و بدون آسیب به مو.,240000,204000,15,/images/products/hair/2.jpg,120,60,[],2025-01-20 09:19:50.590,2025-01-20 09:19:50.590,0
678e153644a092bc866419f9,پالتو اصلاحی توربو,برقی پرو,"['بهداشتی', 'اصلاح صورت و بدن']",پالتو اصلاحی با سرعت بالای اصلاح و طراحی ارگونومیک برای راحتی بیشتر.,450000,382500,15,/images/products/sanitary/333.jpg,75,37,[],2025-01-20 09:19:50.839,2025-01-20 09:19:50.839,0
678e153644a092bc866419fd,فیبر پروتئین موی درخشان,موپلاس,"['مو', 'مراقبت مو']",فیبر پروتئینی با خواص درخشان‌کننده برای موهای سالم و زیبا.,150000,127500,15,/images/products/hair/11.jpg,170,85,[],2025-01-20 09:19:51.085,2025-01-20 09:19:51.085,0
678e153744a092bc86641a01,عطر و ادکلن بهاری گل‌ها,ایوانا,"['عطر', 'عطر و ادکلن']",عطر و ادکلن با رایحه‌ای بهاری و تازه از گل‌های بهاری.,470000,399500,15,/images/products/perfume/11.jpg,115,58,[],2025-01-20 09:19:51.335,2025-01-20 09:19:51.335,0
678e153744a092bc86641a05,خوشبو کننده بدن لیمویی,بوییار,"['عطر', 'خوشبو کننده بدن']",خوشبو کننده بدن با رایحه‌ای لیمویی و نشاط‌آور برای استفاده روزانه.,220000,187000,15,/images/products/perfume/2.jpg,240,120,[],2025-01-20 09:19:51.595,2025-01-20 09:19:51.595,0
678e153744a092bc86641a09,شیر موی خزشی با پروتئین,ژلاتهو,"['مو', 'مراقبت مو']",شیر مویی با فرمول پروتئین برای تقویت و اصلاح موهای آسیب‌دیده.,175000,148750,15,/images/products/hair/111.jpg,160,80,[],2025-01-20 09:19:51.844,2025-01-20 09:19:51.844,0
678e153744a092bc86641a0d,سمبوی گل یاس,طلیسمو,"['مو', 'حالت دهنده']",سمبویی با رایحه گل یاس برای ایجاد حالت‌های نرم و طبیعی.,95000,80750,15,/images/products/hair/2.jpg,270,135,[],2025-01-20 09:19:52.100,2025-01-20 09:19:52.100,0
678e153844a092bc86641a11,کرم بدن لایه‌بردار میوه‌ای,هیدرا,"['بهداشتی', 'مراقبت بدن']",کرم بدن با خاصیت لایه‌برداری و عطر میوه‌ای برای پوست صاف و نرم.,220000,187000,15,/images/products/sanitary/22.jpg,190,95,[],2025-01-20 09:19:52.343,2025-01-20 09:19:52.343,0
678e153844a092bc86641a15,پالتو اصلاحی اسپرت,برقی اسپرت,"['بهداشتی', 'اصلاح صورت و بدن']",پالتو اصلاحی با طراحی اسپرت و عملکرد سریع برای استفاده روزانه.,430000,365500,15,/images/products/sanitary/333.jpg,68,34,[],2025-01-20 09:19:52.601,2025-01-20 09:19:52.601,0
678e153844a092bc86641a19,فیبر پروتئین موپلاس طلایی,موپلاس,"['مو', 'مراقبت مو']",فیبر پروتئینی با رنگ طلایی برای درخشش و سلامت موها.,145000,123250,15,/images/products/hair/11.jpg,155,78,[],2025-01-20 09:19:52.866,2025-01-20 09:19:52.866,0
678e153844a092bc86641a1d,عطر و ادکلن تابستانی پرنس,گلابستان,"['عطر', 'عطر و ادکلن']",عطر و ادکلن با رایحه‌ای خنک و جذاب برای فصل تابستان.,490000,416500,15,/images/products/perfume/1.jpg,105,52,[],2025-01-20 09:19:53.112,2025-01-20 09:19:53.112,0
678e153944a092bc86641a21,پاک‌کننده دهان هل,همپگز,"['دهان و دندان', 'پاک کننده']",پاک‌کننده دهان با عصاره هل برای تازگی نفس و حفاظت از لثه‌ها.,78000,66300,15,/images/products/teeth/11.jpg,300,150,[ObjectId('67b9d61acabe1f6047d8cf69')],2025-01-20 09:19:53.363,2025-02-22 13:51:15.584,1
678e153944a092bc86641a25,شامپو نرم‌کننده ویتامین E,رونیکا,"['مو', 'مراقبت مو']",شامپویی با ویتامین E برای تغذیه و نرمی بیشتر موها.,155000,131750,15,/images/products/hair/11.jpg,185,92,[],2025-01-20 09:19:53.618,2025-01-20 09:19:53.618,0
678e153944a092bc86641a29,ژل حالت‌دهنده آبی,استایلینگ پرو,"['مو', 'حالت دهنده']",ژلی با فرمول آبی برای ایجاد حالت‌های طبیعی و درخشان مو.,90000,76500,15,/images/products/hair/2.jpg,230,115,[],2025-01-20 09:19:53.874,2025-01-20 09:19:53.874,0
678e153944a092bc86641a2d,کرم رنگ مو مجلسی,کلرما,"['مو', 'رنگ و ملزومات']",کرم رنگ مو با پایه‌های مجلسی برای رویدادهای خاص.,310000,263500,15,/images/products/hair/33.jpg,145,72,[],2025-01-20 09:19:54.152,2025-01-20 09:19:54.152,0
678e153a44a092bc86641a31,کوتاه‌کننده ناخن پرو,ناخنیکس,"['ناخن', 'مراقبت ناخن']",کوتاه‌کننده ناخن با تیغه‌های حرفه‌ای برای کوتاه کردن دقیق.,85000,72250,15,/images/products/nail/2.jpg,320,160,[],2025-01-20 09:19:54.404,2025-01-20 09:19:54.404,0
678e153a44a092bc86641a35,فلاسی عسل طبیعی,دنتاکو,"['دهان و دندان', 'پاک کننده']",فلاسی مایع با عصاره عسل طبیعی برای تمیزی و سلامت دهان.,82000,69700,15,/images/products/teeth/1.jpg,290,145,[],2025-01-20 09:19:54.651,2025-01-20 09:19:54.651,0
678e153a44a092bc86641a39,مسواک دستی طرح دار,دنتاپلاس,"['دهان و دندان', 'ابزار بهداشت دهان']",مسواک دستی با طرح‌های متنوع و برس‌های نرم برای تمیزی بهتر.,42000,35700,15,/images/products/teeth/22.jpg,480,240,"[ObjectId('67b9d00ccabe1f6047d8b810'), ObjectId('67b9d16bcabe1f6047d8b9e7'), ObjectId('67b9d32ecabe1f6047d8c072'), ObjectId('67b9d37ecabe1f6047d8c281')]",2025-01-20 09:19:54.898,2025-02-22 13:41:04.653,20
678e153b44a092bc86641a3d,خمیر دندان زیتون طبیعی,دنتاگان,"['دهان و دندان', 'محصولات تخصصی']",خمیر دندان با عصاره زیتون برای تقویت دندان‌ها و تمیزی کامل دهان.,88000,74800,15,/images/products/teeth/3.jpg,340,170,[],2025-01-20 09:19:55.151,2025-01-20 09:19:55.151,0
678e153b44a092bc86641a41,ماسک تغذیه‌کننده موهای موکت,موپلاس,"['مو', 'مراقبت مو']",ماسک مو با تغذیه‌کننده‌های قوی برای موهای موکت و حساس.,160000,136000,15,/images/products/hair/111.jpg,175,87,[],2025-01-20 09:19:55.435,2025-01-20 09:19:55.435,0
678e153b44a092bc86641a45,آچار ناخن تیز با طلایی,ناخن‌آچار,"['ناخن', 'تجهیزات و ابزار های ناخن']",آچاری با تیغه‌های تیز و پوشش طلایی برای کارهای دقیق ناخن.,65000,55250,15,/images/products/nail/1.jpg,290,145,[ObjectId('67b9d7becabe1f6047d8d529')],2025-01-20 09:19:55.683,2025-02-22 13:57:48.457,1
678e154c44a092bc86641a49,عطر و ادکلن شب‌تاب,گلابستان,"['عطر', 'عطر و ادکلن']",عطر و ادکلن با رایحه‌ای گرم و جذاب مناسب استفاده در شب‌های تابستان.,480000,408000,15,/images/products/perfume/1.jpg,100,50,[ObjectId('67b9d209cabe1f6047d8bc7d')],2025-01-20 09:20:13.026,2025-02-22 13:34:17.154,1
678e154d44a092bc86641a4d,لوسیون بدن نارنجی,بوییار,"['بهداشتی', 'مراقبت بدن']",لوسیون بدن با رایحه‌ای میوه‌ای و انرژی‌بخش نارنجی برای پوست نرم و لطیف.,200000,170000,15,/images/products/sanitary/22.jpg,230,115,[],2025-01-20 09:20:13.282,2025-01-20 09:20:13.282,0
678e154d44a092bc86641a51,شامپو شامپوی تقویتی موی ضخیم,موپلاس,"['مو', 'مراقبت مو']",شامپویی با فرمول تقویتی برای افزایش ضخامت موها و کاهش ریزش.,160000,136000,15,/images/products/hair/111.jpg,180,90,[],2025-01-20 09:20:13.531,2025-01-20 09:20:13.531,0
678e154d44a092bc86641a55,ژل حالت‌دهنده کرمی,استایل پرو,"['مو', 'حالت دهنده']",ژلی کرمی برای ایجاد حالت‌های نرم و طبیعی بدون ایجاد چربی و وزن اضافی.,85000,72250,15,/images/products/hair/22.jpg,150,75,[],2025-01-20 09:20:13.800,2025-01-20 09:20:13.800,0
678e15ab44a092bc86641a5c,عطر و ادکلن مهتاب,گلابستان,"['عطر', 'عطر و ادکلن']",عطر و ادکلنی با رایحه‌ای ملایم و آرام‌بخش برای استفاده در شب‌ها.,470000,399500,15,/images/products/perfume/1.jpg,120,60,[ObjectId('67b9d5c4cabe1f6047d8cd70')],2025-01-20 09:21:47.926,2025-02-22 13:49:18.768,1
678e15ac44a092bc86641a60,لوسیون بدن گل شب‌نم,راحتی,"['بهداشتی', 'مراقبت بدن']",لوسیون بدنی با رایحه‌ای خوشایند و مرطوب‌کننده برای پوست نرم و لطیف.,210000,178500,15,/images/products/sanitary/2.jpg,250,125,"[ObjectId('67b9d734cabe1f6047d8d43e'), ObjectId('67b9d86ecabe1f6047d8d737')]",2025-01-20 09:21:48.223,2025-02-22 14:00:46.317,2
678e15ac44a092bc86641a64,شامپو تغذیه‌کننده موی ابریشمي,موی نرم,"['مو', 'مراقبت مو']",شامپویی با فرمول تغذیه‌کننده برای موهای نرم و ابریشمي.,160000,136000,15,/images/products/hair/1.jpg,180,90,[],2025-01-20 09:21:48.481,2025-01-20 09:21:48.481,0
678e15ac44a092bc86641a68,ژل حالت‌دهنده ریخته‌گری,استایل پرو,"['مو', 'حالت دهنده']",ژلی با خاصیت قوی برای ایجاد حالت‌های ثابت و ریخته‌گری شده.,90000,76500,15,/images/products/hair/22.jpg,140,70,[],2025-01-20 09:21:48.740,2025-01-20 09:21:48.740,0
678e15ac44a092bc86641a6c,کرم رنگ مو مایل به نقره,کلرما,"['مو', 'رنگ و ملزومات']",کرم رنگ مو با رنگ نقره‌ای مایل به بنفش برای ظاهری مدرن و شیک.,330000,280500,15,/images/products/hair/33.jpg,150,75,[],2025-01-20 09:21:48.986,2025-01-20 09:21:48.986,0
678e15ad44a092bc86641a70,کرم مراقبت صورت مرطوب‌کننده با روغن آرگان,زیباکو,"['بهداشتی', 'مراقبت صورت']",کرم مرطوب‌کننده با روغن آرگان برای تغذیه و نرمی پوست.,220000,187000,15,/images/products/sanitary/1111.jpg,200,100,[ObjectId('67b9d7becabe1f6047d8d529')],2025-01-20 09:21:49.249,2025-02-22 13:58:41.862,1
678e15ad44a092bc86641a74,صابون نرم‌کننده بدن پوست‌یار,بادی نیوز,"['بهداشتی', 'مراقبت بدن']",صابونی با فرمول ویژه نرم‌کنندگی برای پوست‌های حساس و خشک.,65000,55250,15,/images/products/sanitary/22.jpg,300,150,[ObjectId('67b9d86ecabe1f6047d8d737')],2025-01-20 09:21:49.515,2025-02-22 14:00:49.041,1
678e15ad44a092bc86641a78,سوهان اصلاح برقی مدل Z,برقی پرو,"['بهداشتی', 'اصلاح صورت و بدن']",سوهانی با موتور قدرتمند و باتری با دوام برای اصلاح سریع و بدون درد.,380000,323000,15,/images/products/sanitary/333.jpg,85,42,[],2025-01-20 09:21:49.757,2025-01-20 09:21:49.757,0
678e15ad44a092bc86641a7c,لاک ناخن براق فیروزه‌ای,ناخن‌آر,"['ناخن', 'مراقبت ناخن']",لاک ناخن با Finish براق و رنگ فیروزه‌ای برای ظاهری جذاب و متنوع.,95000,80750,15,/images/products/nail/2.jpg,220,110,[],2025-01-20 09:21:50.014,2025-01-20 09:21:50.014,0
678e15ae44a092bc86641a80,ست ابزار ناخن حرفه‌ای NailMaster,ناخندار,"['ناخن', 'تجهیزات و ابزار های ناخن']",ست کامل ابزارهای حرفه‌ای شامل قیچی ناخن، پیر کننده، و لاک‌پاک‌کننده برای طراحی دقیق ناخن.,650000,552500,15,/images/products/nail/11.jpg,80,40,[],2025-01-20 09:21:50.262,2025-01-20 09:21:50.262,0
678e15ae44a092bc86641a84,مسواک برقی هوشمند SonicClean X,دنتا پرو,"['دهان و دندان', 'ابزار بهداشت دهان']",مسواک برقی با تکنولوژی سونیک برای تمیزکاری عمیق و سریع دندان‌ها.,300000,255000,15,/images/products/teeth/22.jpg,160,80,[],2025-01-20 09:21:50.529,2025-01-20 09:21:50.529,0
678e15ae44a092bc86641a88,پاک‌کننده دهان نعنایی FreshMint,همپگز,"['دهان و دندان', 'پاک کننده']",پاک‌کننده دهان با طعم نعنایی قوی برای تازگی نفس و حفاظت از دندان‌ها.,75000,63750,15,/images/products/teeth/1.jpg,320,160,[],2025-01-20 09:21:50.781,2025-01-20 09:21:50.781,0
678e15ae44a092bc86641a8c,ماسک صورت آبرسان هیبریدی,پوستین,"['بهداشتی', 'مراقبت صورت']",ماسک صورت با ترکیبی از آبرسان‌ها و مواد مغذی برای پوست مرطوب و جوان‌تر.,130000,110500,15,/images/products/sanitary/1.jpg,180,90,"[ObjectId('67b9d66fcabe1f6047d8d122'), ObjectId('67b9d734cabe1f6047d8d43e'), ObjectId('67b9d86ecabe1f6047d8d737')]",2025-01-20 09:21:51.029,2025-02-22 14:00:43.427,3
678e15af44a092bc86641a90,کله‌پاچه اصلاحی ایرودینامیک,برش آرایش,"['بهداشتی', 'اصلاح صورت و بدن']",کله‌پاچه اصلاحی با طراحی ایرودینامیک برای اصلاح راحت‌تر و سریع‌تر.,160000,136000,15,/images/products/sanitary/33.jpg,100,50,[],2025-01-20 09:21:51.290,2025-01-20 09:21:51.290,0
678e15af44a092bc86641a94,اسپری محافظ مو ThermalGuard,موپلاس,"['مو', 'مراقبت مو']",اسپری محافظ مو با فناوری ThermalGuard برای جلوگیری از آسیب حرارتی و حفظ طراوت مو.,120000,102000,15,/images/products/hair/11.jpg,190,95,[],2025-01-20 09:21:51.538,2025-01-20 09:21:51.538,0
678e160f44a092bc86641a98,عطر و ادکلن گلسیت,گلابستان,"['عطر', 'عطر و ادکلن']",عطر و ادکلنی با رایحه‌ای گل‌دار و لطیف برای استفاده روزانه.,500000,425000,15,/images/products/perfume/11.jpg,140,70,[],2025-01-20 09:23:27.934,2025-01-20 09:23:27.934,0
678e161044a092bc86641a9c,لوسیون بدن پرتقالی,راحتی,"['بهداشتی', 'مراقبت بدن']",لوسیون بدنی با عطر پرتقالی برای پوست تازه و نرم.,180000,153000,15,/images/products/sanitary/2.jpg,260,130,[],2025-01-20 09:23:28.185,2025-01-20 09:23:28.185,0
678e161044a092bc86641aa0,شامپو آبی طراوت,موی نرم,"['مو', 'مراقبت مو']",شامپویی با فرمول آبی برای طراوت و سلامت موها.,170000,144500,15,/images/products/hair/111.jpg,200,100,[],2025-01-20 09:23:28.433,2025-02-12 15:28:01.216,4
678e161044a092bc86641aa4,ژل حالت‌دهنده مشتاق,استایل پرو,"['مو', 'حالت دهنده']",ژلی با قدرت مشتاق برای ایجاد حالت‌های دلخواه بدون چربی.,95000,80750,15,/images/products/hair/22.jpg,150,75,[],2025-01-20 09:23:28.739,2025-01-20 09:23:28.739,0
678e161044a092bc86641aa8,کرم رنگ مو ارغوانی,کلرما,"['مو', 'رنگ و ملزومات']",کرم رنگ مو با رنگ ارغوانی برای تغییرات جذاب و طبیعی.,340000,289000,15,/images/products/hair/3.jpg,160,80,[],2025-01-20 09:23:28.993,2025-01-20 09:23:28.993,0
678e161144a092bc86641aac,کرم مراقبت صورت لیمویی,زیباکو,"['بهداشتی', 'مراقبت صورت']",کرم مرطوب‌کننده با عصاره لیمو برای روشن‌کنندگی و نرمی پوست.,230000,195500,15,/images/products/sanitary/1111.jpg,210,105,[],2025-01-20 09:23:29.256,2025-01-20 09:23:29.256,0
678e161144a092bc86641ab0,صابون نرم‌کننده بدن یاس,بادی نیوز,"['بهداشتی', 'مراقبت بدن']",صابونی با رایحه گل یاس برای نرم‌کنندگی و تازگی پوست بدن.,70000,59500,15,/images/products/sanitary/22.jpg,310,155,[],2025-01-20 09:23:29.502,2025-01-20 09:23:29.502,0
678e161144a092bc86641ab4,سوهان اصلاح برقی مدل Alpha,برقی پرو,"['بهداشتی', 'اصلاح صورت و بدن']",سوهانی با موتور قدرتی Alpha برای اصلاح سریع و دقیق.,400000,340000,15,/images/products/sanitary/33.jpg,90,45,[],2025-01-20 09:23:29.765,2025-01-20 09:23:29.765,0
678e161144a092bc86641ab8,لاک ناخن مات زیبا,ناخن‌آر,"['ناخن', 'مراقبت ناخن']",لاک ناخن با Finish مات و رنگ زیبا برای ظاهری شیک و مدرن.,100000,85000,15,/images/products/nail/2.jpg,220,110,[],2025-01-20 09:23:30.012,2025-01-20 09:23:30.012,0
678e161244a092bc86641abc,ست ابزار ناخن حرفه‌ای NailPro,ناخندار,"['ناخن', 'تجهیزات و ابزار های ناخن']",ست کامل ابزارهای حرفه‌ای شامل قیچی ناخن، پیر کننده، و لاک‌پاک‌کننده برای طراحی دقیق ناخن.,700000,595000,15,/images/products/nail/1.jpg,85,42,[ObjectId('67b9d6c6cabe1f6047d8d280')],2025-01-20 09:23:30.250,2025-02-22 13:53:36.011,1
678e161244a092bc86641ac0,مسواک برقی UltraClean 2000,دنتا پرو,"['دهان و دندان', 'ابزار بهداشت دهان']",مسواک برقی با فناوری UltraClean 2000 برای تمیزکاری عمیق و سریع دندان‌ها.,350000,297500,15,/images/products/teeth/2.jpg,180,90,[],2025-01-20 09:23:30.502,2025-01-20 09:23:30.502,0
678e161244a092bc86641ac4,پاک‌کننده دهان تازه‌کننده MenthoFresh,همپگز,"['دهان و دندان', 'پاک کننده']",پاک‌کننده دهان با عصاره نعناع برای تازگی نفس طولانی مدت و حفاظت از دندان‌ها.,80000,68000,15,/images/products/teeth/1.jpg,320,160,[],2025-01-20 09:23:30.747,2025-01-20 09:23:30.747,0
678e161244a092bc86641ac8,ماسک صورت جگر نبات,پوستین,"['بهداشتی', 'مراقبت صورت']",ماسک صورت با عصاره جگر نبات برای تغذیه و جوان‌کنندگی پوست.,140000,119000,15,/images/products/sanitary/11.jpg,190,95,[],2025-01-20 09:23:30.997,2025-01-20 09:23:30.997,0
678e161344a092bc86641acc,کله‌پاچه اصلاحی هوشمند DigiTrim,برش آرایش,"['بهداشتی', 'اصلاح صورت و بدن']",کله‌پاچه اصلاحی با فناوری هوشمند DigiTrim برای اصلاح دقیق و بدون درد.,180000,153000,15,/images/products/sanitary/3.jpg,100,50,[],2025-01-20 09:23:31.256,2025-01-20 09:23:31.256,0
678e161344a092bc86641ad0,اسپری محافظ مو ShineGuard,موپلاس,"['مو', 'مراقبت مو']",اسپری محافظ مو با فناوری ShineGuard برای حفظ درخشندگی و سلامت مو.,130000,110500,15,/images/products/hair/11.jpg,190,95,[],2025-01-20 09:23:31.508,2025-01-20 09:23:31.508,0
678e161344a092bc86641ad4,عطر و ادکلن زمستانه واندا,ایوانا,"['عطر', 'عطر و ادکلن']",عطر و ادکلنی با رایحه‌ای گرم و دلنشین مناسب فصل زمستان برای ایجاد حس راحتی و آرامش.,520000,442000,15,/images/products/perfume/11.jpg,115,58,[ObjectId('67b9d5c4cabe1f6047d8cd70')],2025-01-20 09:23:31.772,2025-02-22 13:49:22.596,1
678e161344a092bc86641ad8,شامپو تغذیه‌کننده موی گردو,موی نرم,"['مو', 'مراقبت مو']",شامپویی با عصاره گردو برای تغذیه و تقویت موهای قوی و درخشان.,160000,136000,15,/images/products/hair/11.jpg,200,100,[],2025-01-20 09:23:32.024,2025-01-20 09:23:32.024,0
678e1c8f44a092bc86641adc,عطر و ادکلن گل سرخ,گلابستان,"['عطر', 'عطر و ادکلن']",عطر و ادکلنی با رایحه‌ای شیرین و گلی برای استفاده روزانه و مجالس رسمی.,550000,467500,15,/images/products/perfume/11.jpg,130,65,[ObjectId('67b9d6c6cabe1f6047d8d280')],2025-01-20 09:51:12.797,2025-02-22 13:54:00.019,1
678e1c9044a092bc86641ae0,لوسیون بدن آبی کبود,راحتی,"['بهداشتی', 'مراقبت بدن']",لوسیون بدنی با رنگ آبی کبود و رایحه خنک‌کننده برای پوست تازه و لطیف.,190000,161500,15,/images/products/sanitary/2.jpg,240,120,[],2025-01-20 09:51:13.130,2025-01-20 09:51:13.130,0
678e1c9144a092bc86641ae4,شامپو مرطوب‌کننده موی روغنی,موی نرم,"['مو', 'مراقبت مو']",شامپویی با فرمول مرطوب‌کننده برای موهای خشک و روغنی، افزایش نرمی و درخشندگی.,180000,153000,15,/images/products/hair/111.jpg,200,100,[],2025-01-20 09:51:13.377,2025-01-20 09:51:13.377,0
678e1c9144a092bc86641ae8,ژل حالت‌دهنده فروتن,استایل پرو,"['مو', 'حالت دهنده']",ژلی با خاصیت سبک و فروتن برای ایجاد حالت‌های طبیعی و پرطرفدار.,90000,76500,15,/images/products/hair/2.jpg,160,80,[],2025-01-20 09:51:13.625,2025-01-20 09:51:13.625,0
678e1c9144a092bc86641aec,کرم رنگ مو نارنجی غنی,کلرما,"['مو', 'رنگ و ملزومات']",کرم رنگ مو با رنگ نارنجی غنی برای ظاهری پرانرژی و درخشان.,350000,297500,15,/images/products/hair/33.jpg,170,85,[],2025-01-20 09:51:13.879,2025-01-20 09:51:13.879,0
678e1c9244a092bc86641af0,کرم مراقبت صورت عسل,زیباکو,"['بهداشتی', 'مراقبت صورت']",کرم مرطوب‌کننده با عصاره عسل برای تغذیه و نرم‌کنندگی پوست.,220000,187000,15,/images/products/sanitary/1111.jpg,210,105,[],2025-01-20 09:51:14.120,2025-01-20 09:51:14.120,0
678e1c9244a092bc86641af4,صابون نرم‌کننده بدن مرجان,بادی نیوز,"['بهداشتی', 'مراقبت بدن']",صابونی با رایحه مرجان برای نرم‌کنندگی و لطافت پوست بدن.,72000,61200,15,/images/products/sanitary/2.jpg,330,165,[],2025-01-20 09:51:14.372,2025-01-20 09:51:14.372,0
678e1c9244a092bc86641af8,سوهان اصلاح برقی مدل Beta,برقی پرو,"['بهداشتی', 'اصلاح صورت و بدن']",سوهانی با موتور Beta برای اصلاح سریع و بدون درد با طراحی مدرن.,420000,357000,15,/images/products/sanitary/3.jpg,95,47,[],2025-01-20 09:51:14.610,2025-01-20 09:51:14.610,0
678e1c9244a092bc86641afc,لاک ناخن شفاف نقره‌ای,ناخن‌آر,"['ناخن', 'مراقبت ناخن']",لاک ناخن با Finish شفاف و رنگ نقره‌ای برای ظاهری شیک و بااستایل.,98000,83300,15,/images/products/nail/22.jpg,230,115,[],2025-01-20 09:51:14.863,2025-02-21 07:40:39.546,2
678e1c9244a092bc86641b00,ست ابزار ناخن حرفه‌ای NailElite,ناخندار,"['ناخن', 'تجهیزات و ابزار های ناخن']",ست کامل ابزارهای حرفه‌ای شامل قیچی ناخن، پیر کننده، و لاک‌پاک‌کننده برای طراحی دقیق ناخن.,750000,637500,15,/images/products/nail/11.jpg,95,47,[],2025-01-20 09:51:15.131,2025-01-20 09:51:15.131,0
678e1c9344a092bc86641b04,مسواک برقی SmartBrush 3000,دنتا پرو,"['دهان و دندان', 'ابزار بهداشت دهان']",مسواک برقی با تکنولوژی SmartBrush 3000 برای تمیزکاری عمیق و سریع دندان‌ها.,400000,340000,15,/images/products/teeth/2.jpg,200,100,[],2025-01-20 09:51:15.383,2025-01-20 09:51:15.383,0
678e1c9344a092bc86641b08,پاک‌کننده دهان توت‌فرنگی SweetBerry,همپگز,"['دهان و دندان', 'پاک کننده']",پاک‌کننده دهان با طعم توت‌فرنگی برای تازگی نفس و حفاظت از دندان‌ها.,82000,69700,15,/images/products/teeth/1.jpg,340,170,[],2025-01-20 09:51:15.635,2025-01-20 09:51:15.635,0
678e1c9344a092bc86641b0c,ماسک صورت ترکیبی HoneyGlow,پوستین,"['بهداشتی', 'مراقبت صورت']",ماسک صورت با ترکیبی از عسل و ویتامین‌ها برای تغذیه و جوان‌کنندگی پوست.,150000,127500,15,/images/products/sanitary/11.jpg,200,100,[],2025-01-20 09:51:15.903,2025-01-20 09:51:15.903,0
678e1c9444a092bc86641b10,کله‌پاچه اصلاحی هوشمند ProTrim,برش آرایش,"['بهداشتی', 'اصلاح صورت و بدن']",کله‌پاچه اصلاحی با فناوری هوشمند ProTrim برای اصلاح دقیق و راحت.,200000,170000,15,/images/products/sanitary/3.jpg,105,52,[],2025-01-20 09:51:16.156,2025-01-20 09:51:16.156,0
678e1c9444a092bc86641b14,اسپری محافظ مو ShineLock,موپلاس,"['مو', 'مراقبت مو']",اسپری محافظ مو با فناوری ShineLock برای حفظ درخشندگی و سلامت مو.,140000,119000,15,/images/products/hair/11.jpg,210,105,[],2025-01-20 09:51:18.446,2025-01-20 09:51:18.446,0
678e1c9644a092bc86641b18,عطر و ادکلن بهاری BlossomSpring,ایوانا,"['عطر', 'عطر و ادکلن']",عطر و ادکلنی با رایحه‌ای تازه و گل‌دار مناسب فصل بهار برای ایجاد حس شادابی.,530000,450500,15,/images/products/perfume/11.jpg,125,62,[ObjectId('67b9d6c6cabe1f6047d8d280')],2025-01-20 09:51:18.694,2025-02-22 13:54:02.322,1
678e1c9644a092bc86641b1c,شامپو تغذیه‌کننده موی آرگان,موی نرم,"['مو', 'مراقبت مو']",شامپویی با عصاره روغن آرگان برای تقویت و درخشش موها.,170000,144500,15,/images/products/hair/111.jpg,220,110,[],2025-01-20 09:51:18.958,2025-01-20 09:51:18.958,0
678e1c9744a092bc86641b20,ژل حالت‌دهنده یخی FrostGel,استایل پرو,"['مو', 'حالت دهنده']",ژلی با خاصیت یخ‌بخش برای ایجاد حالت‌های ارگانیک و خنک.,98000,83300,15,/images/products/hair/22.jpg,170,85,[],2025-01-20 09:51:19.396,2025-01-20 09:51:19.396,0
678e1c9744a092bc86641b24,کرم رنگ مو بلوند طلایی,کلرما,"['مو', 'رنگ و ملزومات']",کرم رنگ مو با رنگ بلوند طلایی برای درخشش و زیبایی موها.,360000,306000,15,/images/products/hair/3.jpg,180,90,[],2025-01-20 09:51:19.640,2025-01-20 09:51:19.640,0
678f5a7d77bdc2dd8ccd067d,عطر و ادکلن شبنم,گلابستان,"['عطر', 'عطر و ادکلن']",عطر و ادکلنی با رایحه‌ای ملایم و گل‌دار برای استفاده در شب‌ها و مجالس رسمی.,580000,493000,15,/images/products/perfume/1.jpg,135,67,[],2025-01-21 08:27:41.190,2025-01-21 08:27:41.190,0
678f5a7d77bdc2dd8ccd0681,لوسیون بدن کتریه,راحتی,"['بهداشتی', 'مراقبت بدن']",لوسیون بدنی با رایحه کتریه و خواص مرطوب‌کننده برای پوست نرم و لطیف.,200000,170000,15,/images/products/sanitary/2.jpg,260,130,[],2025-01-21 08:27:41.455,2025-01-21 08:27:41.455,0
678f5a7d77bdc2dd8ccd0685,شامپو تغذیه‌کننده موی سیسیلی,موی نرم,"['مو', 'مراقبت مو']",شامپویی با عصاره سیسیلی برای تغذیه و تقویت موهای خشک و شکننده.,175000,148750,15,/images/products/hair/1.jpg,210,105,[],2025-01-21 08:27:41.713,2025-01-21 08:27:41.713,0
678f5a7e77bdc2dd8ccd0689,ژل حالت‌دهنده درخشان,استایل پرو,"['مو', 'حالت دهنده']",ژلی با فرمول درخشان‌کننده برای ایجاد حالت‌های برجسته و شفاف مو بدون چربی.,92000,78200,15,/images/products/hair/22.jpg,155,77,[],2025-01-21 08:27:42.175,2025-01-21 08:27:42.175,0
678f5a7e77bdc2dd8ccd068d,کرم رنگ مو آبی نفتی,کلرما,"['مو', 'رنگ و ملزومات']",کرم رنگ مو با رنگ آبی نفتی برای ظاهری مدرن و جذاب.,370000,314500,15,/images/products/hair/3.jpg,185,92,[],2025-01-21 08:27:42.428,2025-01-21 08:27:42.428,0
678f5a7e77bdc2dd8ccd0691,کرم مراقبت صورت ویتامین E,زیباکو,"['بهداشتی', 'مراقبت صورت']",کرم مرطوب‌کننده با ویتامین E برای تغذیه و حفاظت پوست در برابر آسیب‌های محیطی.,240000,204000,15,/images/products/sanitary/1.jpg,220,110,[ObjectId('67b9d7becabe1f6047d8d529')],2025-01-21 08:27:42.685,2025-02-22 13:58:45.557,1
678f5a7e77bdc2dd8ccd0695,صابون نرم‌کننده بدن رز,بادی نیوز,"['بهداشتی', 'مراقبت بدن']",صابونی با رایحه گل رز برای نرم‌کنندگی و لطافت پوست بدن به مدت طولانی.,75000,63750,15,/images/products/sanitary/22.jpg,340,170,[],2025-01-21 08:27:42.946,2025-01-21 08:27:42.946,0
678f5a7f77bdc2dd8ccd0699,سوهان اصلاح برقی مدل Gamma,برقی پرو,"['بهداشتی', 'اصلاح صورت و بدن']",سوهانی با موتور Gamma برای اصلاح سریع و دقیق با باتری با دوام.,440000,374000,15,/images/products/sanitary/3.jpg,100,50,[],2025-01-21 08:27:43.239,2025-01-21 08:27:43.239,0
678f5a7f77bdc2dd8ccd069d,لاک ناخن شکری صورتی,ناخن‌آر,"['ناخن', 'مراقبت ناخن']",لاک ناخن با رنگ صورتی شکری و Finish براق برای ظاهری جذاب و دوست‌داشتنی.,102000,86700,15,/images/products/nail/22.jpg,240,120,[],2025-01-21 08:27:43.495,2025-01-21 08:27:43.495,0
678f5a7f77bdc2dd8ccd06a1,ست ابزار ناخن حرفه‌ای NailPro Elite,ناخندار,"['ناخن', 'تجهیزات و ابزار های ناخن']",ست کامل ابزارهای حرفه‌ای شامل قیچی ناخن، پیر کننده، و لاک‌پاک‌کننده با برند NailPro Elite.,800000,680000,15,/images/products/nail/1.jpg,100,50,[ObjectId('67b9d6c6cabe1f6047d8d280')],2025-01-21 08:27:43.776,2025-02-22 13:53:32.894,1
678f5a7f77bdc2dd8ccd06a5,مسواک برقی PowerClean 4000,دنتا پرو,"['دهان و دندان', 'ابزار بهداشت دهان']",مسواک برقی با فناوری PowerClean 4000 برای تمیزکاری عمیق و سریع دندان‌ها با دوام بالا.,450000,382500,15,/images/products/teeth/2.jpg,220,110,[],2025-01-21 08:27:44.059,2025-01-21 08:27:44.059,0
678f5a8077bdc2dd8ccd06a9,پاک‌کننده دهان توت سیاه BerryBlack,همپگز,"['دهان و دندان', 'پاک کننده']",پاک‌کننده دهان با طعم توت سیاه برای تازگی نفس و حفاظت از دندان‌ها در طول روز.,85000,72250,15,/images/products/teeth/11.jpg,360,180,[],2025-01-21 08:27:44.371,2025-02-15 14:17:52.400,4
678f5a8077bdc2dd8ccd06ad,ماسک صورت آبی آرام‌بخش,پوستین,"['بهداشتی', 'مراقبت صورت']",ماسک صورت با ترکیبی از عصاره‌های آبی برای آرام‌بخشی و تغذیه پوست.,160000,136000,15,/images/products/sanitary/111.jpg,200,100,[],2025-01-21 08:27:44.648,2025-01-21 08:27:44.648,0
678f5a8077bdc2dd8ccd06b1,کله‌پاچه اصلاحی هوشمند TrimTech,برش آرایش,"['بهداشتی', 'اصلاح صورت و بدن']",کله‌پاچه اصلاحی با فناوری TrimTech برای اصلاح دقیق و راحت با کنترل هوشمند.,220000,187000,15,/images/products/sanitary/333.jpg,115,57,[],2025-01-21 08:27:44.915,2025-01-21 08:27:44.915,0
678f5a8177bdc2dd8ccd06b5,اسپری محافظ مو SilkShield,موپلاس,"['مو', 'مراقبت مو']",اسپری محافظ مو با فناوری SilkShield برای حفظ درخشندگی و جلوگیری از آسیب حرارتی.,150000,127500,15,/images/products/hair/1.jpg,200,100,[],2025-01-21 08:27:45.187,2025-01-21 08:27:45.187,0
678f5a8177bdc2dd8ccd06b9,عطر و ادکلن بهاری FreshBloom,ایوانا,"['عطر', 'عطر و ادکلن']",عطر و ادکلنی با رایحه‌ای تازه و گل‌دار مناسب فصل بهار برای ایجاد حس شادابی و نشاط.,560000,476000,15,/images/products/perfume/11.jpg,130,65,[],2025-01-21 08:27:45.449,2025-01-21 08:27:45.449,0
678f5a8177bdc2dd8ccd06bd,شامپو تغذیه‌کننده موی لیمویی,موی نرم,"['مو', 'مراقبت مو']",شامپویی با عصاره لیمو برای تغذیه و درخشش موهای خشک و آسیب‌دیده.,185000,157250,15,/images/products/hair/11.jpg,230,115,[],2025-01-21 08:27:45.711,2025-01-21 08:27:45.711,0
678f5a8177bdc2dd8ccd06c1,ژل حالت‌دهنده خنک‌کننده BreezeGel,استایل پرو,"['مو', 'حالت دهنده']",ژلی خنک‌کننده با خاصیت BreezeGel برای ایجاد حالت‌های طبیعی و آرامش‌بخش.,100000,85000,15,/images/products/hair/2.jpg,175,88,[],2025-01-21 08:27:45.986,2025-01-21 08:27:45.986,0
678f5a8277bdc2dd8ccd06c5,کرم رنگ مو سبز زمردی,کلرما,"['مو', 'رنگ و ملزومات']",کرم رنگ مو با رنگ سبز زمردی برای ظاهری شیک و متنوع.,380000,323000,15,/images/products/hair/3.jpg,190,95,[],2025-01-21 08:27:46.247,2025-01-21 08:27:46.247,0
678f5adc77bdc2dd8ccd06c9,عطر و ادکلن شکوفه بهاری,گلابستان,"['عطر', 'عطر و ادکلن']",عطر و ادکلنی با رایحه‌ای شیرین و شکوفه‌های بهاری برای ایجاد حس طراوت و نشاط.,600000,510000,15,/images/products/perfume/11.jpg,140,70,[],2025-01-21 08:29:16.815,2025-01-21 08:29:16.815,0
678f5adc77bdc2dd8ccd06cd,لوسیون بدن نعناع تازه,راحتی,"['بهداشتی', 'مراقبت بدن']",لوسیون بدنی با رایحه نعناع تازه برای پوست نرم و خنک‌شده در روزهای گرم.,210000,178500,15,/images/products/sanitary/2.jpg,270,135,[],2025-01-21 08:29:17.083,2025-01-21 08:29:17.083,0
678f5add77bdc2dd8ccd06d1,شامپو حجیم‌کننده موی پرفکت,موی نرم,"['مو', 'مراقبت مو']",شامپویی با فرمول حجیم‌کننده برای موهای پرپشت و درخشان.,190000,161500,15,/images/products/hair/1.jpg,220,110,[],2025-01-21 08:29:17.336,2025-02-15 14:07:29.314,2
678f5add77bdc2dd8ccd06d5,ژل حالت‌دهنده طوفانی,استایل پرو,"['مو', 'حالت دهنده']",ژلی با خاصیت سریع‌گیر و مقاوم برای ایجاد حالت‌های بلندمدت و بی‌نقص.,95000,80750,15,/images/products/hair/22.jpg,160,80,[],2025-01-21 08:29:17.591,2025-01-21 08:29:17.591,0
678f5add77bdc2dd8ccd06d9,کرم رنگ مو بنفش رویایی,کلرما,"['مو', 'رنگ و ملزومات']",کرم رنگ مو با رنگ بنفش غنی برای ظاهری جذاب و منحصر به فرد.,400000,340000,15,/images/products/hair/3.jpg,190,95,[],2025-01-21 08:29:17.839,2025-01-21 08:29:17.839,0
678f5add77bdc2dd8ccd06dd,کرم مراقبت صورت روغن جوان‌کننده,زیباکو,"['بهداشتی', 'مراقبت صورت']",کرم مرطوب‌کننده با عصاره روغن جوان‌کننده برای پوست شاداب و درخشان.,250000,212500,15,/images/products/sanitary/1111.jpg,230,115,[],2025-01-21 08:29:18.113,2025-01-21 08:29:18.113,0
678f5ade77bdc2dd8ccd06e1,صابون نرم‌کننده بدن گیلاس,بادی نیوز,"['بهداشتی', 'مراقبت بدن']",صابونی با رایحه گیلاس برای پوست نرم و خوش‌بو، مناسب استفاده روزانه.,78000,66300,15,/images/products/sanitary/22.jpg,350,175,[],2025-01-21 08:29:18.379,2025-02-13 10:49:54.232,2
678f5ade77bdc2dd8ccd06e5,سوهان اصلاح برقی مدل Delta,برقی پرو,"['بهداشتی', 'اصلاح صورت و بدن']",سوهانی با موتور Delta برای اصلاح سریع و دقیق با طراحی ارگونومیک.,450000,382500,15,/images/products/sanitary/33.jpg,105,52,[],2025-01-21 08:29:18.654,2025-01-21 08:29:18.654,0
678f5ade77bdc2dd8ccd06e9,لاک ناخن درخشان الماس,ناخن‌آر,"['ناخن', 'مراقبت ناخن']",لاک ناخن با رنگ الماس و Finish درخشان برای ظاهری شیک و جذاب.,100000,85000,15,/images/products/nail/22.jpg,240,120,[],2025-01-21 08:29:18.904,2025-01-21 08:29:18.904,0
678f5adf77bdc2dd8ccd06ed,ست ابزار ناخن حرفه‌ای NailMaster Pro,ناخندار,"['ناخن', 'تجهیزات و ابزار های ناخن']",ست کامل ابزارهای حرفه‌ای شامل قیچی ناخن، پیر کننده، و لاک‌پاک‌کننده با برند NailMaster Pro.,850000,722500,15,/images/products/nail/1.jpg,100,50,[],2025-01-21 08:29:19.214,2025-01-21 08:29:19.214,0
678f5adf77bdc2dd8ccd06f1,مسواک برقی UltraBrush 5000,دنتا پرو,"['دهان و دندان', 'ابزار بهداشت دهان']",مسواک برقی با فناوری UltraBrush 5000 برای تمیزکاری عمیق و سریع دندان‌ها با باتری طولانی.,500000,425000,15,/images/products/teeth/2.jpg,240,120,[],2025-01-21 08:29:19.467,2025-01-21 08:29:19.467,0
678f5adf77bdc2dd8ccd06f5,پاک‌کننده دهان تمییزکننده MintFresh,همپگز,"['دهان و دندان', 'پاک کننده']",پاک‌کننده دهان با طعم نعناع تازه برای تازگی نفس و حفاظت از دندان‌ها در طول روز.,90000,76500,15,/images/products/teeth/11.jpg,380,190,"[ObjectId('67b9d3d7cabe1f6047d8c481'), ObjectId('67b9d4bccabe1f6047d8c821'), ObjectId('67b9d563cabe1f6047d8cb5a'), ObjectId('67b9d66fcabe1f6047d8d122')]",2025-01-21 08:29:19.871,2025-02-22 13:52:20.620,4
678f5adf77bdc2dd8ccd06f9,ماسک صورت ترکیبی آلوئه ورا,پوستین,"['بهداشتی', 'مراقبت صورت']",ماسک صورت با عصاره آلوئه ورا برای آرام‌بخش بودن و تغذیه پوست.,170000,144500,15,/images/products/sanitary/1.jpg,210,105,[],2025-01-21 08:29:20.128,2025-01-21 08:29:20.128,0
678f5ae077bdc2dd8ccd06fd,کله‌پاچه اصلاحی هوشمند EliteTrim,برش آرایش,"['بهداشتی', 'اصلاح صورت و بدن']",کله‌پاچه اصلاحی با فناوری EliteTrim برای اصلاح دقیق و راحت با کنترل هوشمند.,250000,212500,15,/images/products/sanitary/333.jpg,125,63,[],2025-01-21 08:29:20.401,2025-01-21 08:29:20.401,0
678f5ae077bdc2dd8ccd0701,اسپری محافظ مو AirGuard,موپلاس,"['مو', 'مراقبت مو']",اسپری محافظ مو با فناوری AirGuard برای حفظ درخشندگی و جلوگیری از آسیب حرارتی.,160000,136000,15,/images/products/hair/111.jpg,220,110,[],2025-01-21 08:29:20.733,2025-01-21 08:29:20.733,0
678f5ae077bdc2dd8ccd0705,عطر و ادکلن شب‌افسون,ایوانا,"['عطر', 'عطر و ادکلن']",عطر و ادکلنی با رایحه‌ای افسون‌کننده و مرموز مناسب استفاده در شب‌ها و مجالس رسمی.,620000,527000,15,/images/products/perfume/11.jpg,145,73,[ObjectId('67b9d5c4cabe1f6047d8cd70')],2025-01-21 08:29:20.984,2025-02-22 13:49:25.714,1
678f5ae177bdc2dd8ccd0709,شامپو نرم‌کننده موی آرگان طلایی,موی نرم,"['مو', 'مراقبت مو']",شامپویی با عصاره آرگان طلایی برای تغذیه و درخشش موهای خشک و آسیب‌دیده.,195000,165750,15,/images/products/hair/1.jpg,250,125,[],2025-01-21 08:29:21.236,2025-01-21 08:29:21.236,0
678f5ae177bdc2dd8ccd070d,ژل حالت‌دهنده یخی PolarIce,استایل پرو,"['مو', 'حالت دهنده']",ژلی خنک‌کننده با خاصیت PolarIce برای ایجاد حالت‌های طبیعی و آرامش‌بخش.,105000,89250,15,/images/products/hair/2.jpg,180,90,[],2025-01-21 08:29:21.493,2025-01-21 08:29:21.493,0
678f5ae177bdc2dd8ccd0711,کرم رنگ مو طلایی فاتح,کلرما,"['مو', 'رنگ و ملزومات']",کرم رنگ مو با رنگ طلایی فاتح برای ظاهری درخشان و جذاب.,400000,340000,15,/images/products/hair/33.jpg,200,100,[],2025-01-21 08:29:21.749,2025-01-21 08:29:21.749,0
678f5b4d77bdc2dd8ccd0715,عطر و ادکلن آهنگ,گلابستان,"['عطر', 'عطر و ادکلن']",عطر و ادکلنی با رایحه‌ای ملایم و هماهنگ برای ایجاد حضور قوی و جذاب.,610000,518500,15,/images/products/perfume/1.jpg,150,75,[],2025-01-21 08:31:09.456,2025-01-21 08:31:09.456,0
678f5bb477bdc2dd8ccd071c,عطر و ادکلن طلوع,گلابستان,"['عطر', 'عطر و ادکلن']",عطر و ادکلنی با رایحه‌ای گرم و براق برای شروع روزی پرانرژی و مثبت.,630000,535500,15,/images/products/perfume/1.jpg,160,80,[ObjectId('67b9d5c4cabe1f6047d8cd70')],2025-01-21 08:32:52.355,2025-02-22 13:49:31.442,1
678f5bb477bdc2dd8ccd0720,لوسیون بدن میوه‌ای توت فرنگی,راحتی,"['بهداشتی', 'مراقبت بدن']",لوسیون بدنی با رایحه میوه‌ای توت فرنگی برای نرم‌کنندگی و تازگی پوست.,230000,195500,15,/images/products/sanitary/2.jpg,290,145,[],2025-01-21 08:32:52.806,2025-01-21 08:32:52.806,0
678f5bb477bdc2dd8ccd0724,شامپو تقویت‌کننده موی نعناع,موی نرم,"['مو', 'مراقبت مو']",شامپویی با عصاره نعناع برای تقویت و افزایش حجم موهای نازک و ضعیف.,210000,178500,15,/images/products/hair/11.jpg,240,120,[],2025-01-21 08:32:53.067,2025-01-21 08:32:53.067,0
678f5bb577bdc2dd8ccd0728,ژل حالت‌دهنده سیبری,استایل پرو,"['مو', 'حالت دهنده']",ژلی با رایحه سیبری برای ایجاد حالت‌های شیک و مقاوم بدون چربی.,100000,85000,15,/images/products/hair/2.jpg,185,93,[],2025-01-21 08:32:53.321,2025-01-21 08:32:53.321,0
678f5bb577bdc2dd8ccd072c,کرم رنگ مو آبی فیروزه‌ای,کلرما,"['مو', 'رنگ و ملزومات']",کرم رنگ مو با رنگ آبی فیروزه‌ای برای ظاهری شاداب و متفاوت.,420000,357000,15,/images/products/hair/33.jpg,210,105,[],2025-01-21 08:32:53.627,2025-01-21 08:32:53.627,0
678f5bb577bdc2dd8ccd0730,کرم مراقبت صورت عسل و عسل,زیباکو,"['بهداشتی', 'مراقبت صورت']",کرم مرطوب‌کننده با ترکیب عسل و روغن‌های طبیعی برای تغذیه عمیق پوست.,270000,229500,15,/images/products/sanitary/1111.jpg,250,125,[],2025-01-21 08:32:53.884,2025-01-21 08:32:53.884,0
678f5bb677bdc2dd8ccd0734,صابون نرم‌کننده بدن گل بهاری,بادی نیوز,"['بهداشتی', 'مراقبت بدن']",صابونی با رایحه گل بهاری برای نرم‌کنندگی و لطافت پوست بدن به مدت طولانی.,82000,69700,15,/images/products/sanitary/22.jpg,380,190,"[ObjectId('67b9cf46cabe1f6047d8b698'), ObjectId('67b9d00ccabe1f6047d8b810'), ObjectId('67b9d32ecabe1f6047d8c072'), ObjectId('67b9d457cabe1f6047d8c6c6'), ObjectId('67b9d4bccabe1f6047d8c821'), ObjectId('67b9d563cabe1f6047d8cb5a')]",2025-01-21 08:32:54.140,2025-02-22 13:47:35.651,8
678f5bb677bdc2dd8ccd0738,سوهان اصلاح برقی StormCut,برقی پرو,"['بهداشتی', 'اصلاح صورت و بدن']",سوهانی با موتور StormCut برای اصلاح سریع و دقیق با طراحی مقاوم در برابر خش.,500000,425000,15,/images/products/sanitary/333.jpg,120,60,[],2025-01-21 08:32:54.404,2025-01-21 08:32:54.404,0
678f5bb677bdc2dd8ccd073c,لاک ناخن رنگین کمان,ناخن‌آر,"['ناخن', 'مراقبت ناخن']",لاک ناخن با رنگ‌های رنگین کمان و Finish درخشان برای ظاهری جذاب و شاداب.,120000,102000,15,/images/products/nail/2.jpg,260,130,[ObjectId('67b9d6c6cabe1f6047d8d280')],2025-01-21 08:32:54.663,2025-02-22 13:53:39.200,3
678f5bb677bdc2dd8ccd0740,ست ابزار ناخن GlamourSet,ناخندار,"['ناخن', 'تجهیزات و ابزار های ناخن']",ست کامل ابزارهای ناخن شامل میخک، قیچی، و لاک‌پاک‌کننده با برند GlamourSet.,980000,833000,15,/images/products/nail/11.jpg,130,65,[],2025-01-21 08:32:54.915,2025-01-21 08:32:54.915,0
678f5bb777bdc2dd8ccd0744,مسواک برقی OptiClean 7000,دنتا پرو,"['دهان و دندان', 'ابزار بهداشت دهان']",مسواک برقی با فناوری OptiClean 7000 برای تمیزکاری عمیق و موثر دندان‌ها.,550000,467500,15,/images/products/teeth/22.jpg,260,130,[],2025-01-21 08:32:55.263,2025-01-21 08:32:55.263,0
678f5bb777bdc2dd8ccd0748,پاک‌کننده دهان پرتقالی FreshOrange,همپگز,"['دهان و دندان', 'پاک کننده']",پاک‌کننده دهان با طعم پرتقالی تازه برای تازگی نفس و حفاظت از دندان‌ها.,100000,85000,15,/images/products/teeth/1.jpg,400,200,"[ObjectId('67b9cf46cabe1f6047d8b698'), ObjectId('67b9d16bcabe1f6047d8b9e7'), ObjectId('67b9d1d0cabe1f6047d8bb47'), ObjectId('67b9d2a5cabe1f6047d8be38'), ObjectId('67b9d32ecabe1f6047d8c072'), ObjectId('67b9d457cabe1f6047d8c6c6')]",2025-01-21 08:32:55.689,2025-02-22 13:47:32.992,18
678f5bb777bdc2dd8ccd074c,ماسک صورت ترکیبی عسل و عسل,پوستین,"['بهداشتی', 'مراقبت صورت']",ماسک صورت با ترکیب عسل و روغن‌های طبیعی برای تغذیه و نرم‌کنندگی پوست.,190000,161500,15,/images/products/sanitary/1111.jpg,230,115,[],2025-01-21 08:32:55.938,2025-01-21 08:32:55.938,0
678f5bb877bdc2dd8ccd0750,کله‌پاچه اصلاحی هوشمند TurboTrim,برقی پرو,"['بهداشتی', 'اصلاح صورت و بدن']",کله‌پاچه اصلاحی با فناوری TurboTrim برای اصلاح سریع و دقیق با کنترل هوشمند.,300000,255000,15,/images/products/sanitary/33.jpg,140,70,[],2025-01-21 08:32:56.194,2025-01-21 08:32:56.194,0
678f5bb877bdc2dd8ccd0754,اسپری محافظ مو VivaShield,موپلاس,"['مو', 'مراقبت مو']",اسپری محافظ مو با فناوری VivaShield برای حفظ درخشندگی و جلوگیری از آسیب‌های حرارتی.,190000,161500,15,/images/products/hair/1.jpg,240,120,[],2025-01-21 08:32:56.455,2025-01-21 08:32:56.455,0
678f5bb877bdc2dd8ccd0758,عطر و ادکلن اکسپریسیتو,ایوانا,"['عطر', 'عطر و ادکلن']",عطر و ادکلنی با رایحه‌ای پرانرژی و جذاب برای استفاده در محیط‌های پرمشغله.,650000,552500,15,/images/products/perfume/1.jpg,155,78,"[ObjectId('67b9d5c4cabe1f6047d8cd70'), ObjectId('67b9d6c6cabe1f6047d8d280')]",2025-01-21 08:32:56.709,2025-02-22 13:54:05.255,2
678f5bb877bdc2dd8ccd075c,شامپو تغذیه‌کننده موی زیتونی,موی نرم,"['مو', 'مراقبت مو']",شامپویی با عصاره زیتون برای تغذیه و درخشش موهای خشک و آسیب‌دیده.,215000,182750,15,/images/products/hair/111.jpg,240,120,[],2025-01-21 08:32:56.976,2025-01-21 08:32:56.976,0
678f5bb977bdc2dd8ccd0760,ژل حالت‌دهنده یخی IceBlast,استایل پرو,"['مو', 'حالت دهنده']",ژلی خنک‌کننده با خاصیت IceBlast برای ایجاد حالت‌های طبیعی و آرامش‌بخش.,110000,93500,15,/images/products/hair/2.jpg,195,97,[],2025-01-21 08:32:57.229,2025-01-21 08:32:57.229,0
678f5bb977bdc2dd8ccd0764,کرم رنگ مو طلایی برقی,کلرما,"['مو', 'رنگ و ملزومات']",کرم رنگ مو با رنگ طلایی برقی برای ظاهری درخشان و جذاب.,430000,365500,15,/images/products/hair/3.jpg,230,115,[],2025-01-21 08:32:57.488,2025-01-21 08:32:57.488,0
678f5c1177bdc2dd8ccd0768,عطر و ادکلن شب‌پرواز,گلابستان,"['عطر', 'عطر و ادکلن']",عطر و ادکلنی با رایحه‌ای مهتابی و آرام‌بخش برای استفاده در شب‌های آرام.,650000,552500,15,/images/products/perfume/11.jpg,165,83,[],2025-01-21 08:34:26.055,2025-01-21 08:34:26.055,0
678f5c1277bdc2dd8ccd076c,لوسیون بدن رایحه‌دار لیمویی,راحتی,"['بهداشتی', 'مراقبت بدن']",لوسیون بدنی با رایحه لیمو تازه برای نرم‌کنندگی و طراوت پوست.,240000,204000,15,/images/products/sanitary/2.jpg,300,150,[],2025-01-21 08:34:26.313,2025-01-21 08:34:26.313,0
678f5c1277bdc2dd8ccd0770,شامپو تقویتی موی پسته,موی نرم,"['مو', 'مراقبت مو']",شامپویی با عصاره پسته برای تقویت و افزایش حجم موهای نازک.,225000,191250,15,/images/products/hair/11.jpg,240,120,[],2025-01-21 08:34:26.586,2025-01-21 08:34:26.586,0
678f5c1277bdc2dd8ccd0774,ژل حالت‌دهنده آبی کبود,استایل پرو,"['مو', 'حالت دهنده']",ژلی با رایحه آبی کبود برای ایجاد حالت‌های طبیعی و مقاوم در برابر رطوبت.,105000,89250,15,/images/products/hair/2.jpg,195,97,[],2025-01-21 08:34:26.844,2025-01-21 08:34:26.844,0
678f5c1277bdc2dd8ccd0778,کرم رنگ مو طلایی درخشان,کلرما,"['مو', 'رنگ و ملزومات']",کرم رنگ مو با رنگ طلایی درخشان برای ظاهری زیبا و جذاب.,440000,374000,15,/images/products/hair/3.jpg,220,110,[],2025-01-21 08:34:27.102,2025-01-21 08:34:27.102,0
678f5c1377bdc2dd8ccd077c,کرم مراقبت صورت با عصاره زردآلو,زیباکو,"['بهداشتی', 'مراقبت صورت']",کرم مرطوب‌کننده با عصاره زردآلو برای تغذیه و نرمی پوست.,280000,238000,15,/images/products/sanitary/1111.jpg,260,130,[],2025-01-21 08:34:27.352,2025-01-21 08:34:27.352,0
678f5c1377bdc2dd8ccd0780,صابون نرم‌کننده بدن گل رز,بادی نیوز,"['بهداشتی', 'مراقبت بدن']",صابونی با رایحه گل رز برای نرم‌کنندگی و لطافت پوست بدن به مدت طولانی.,85000,72250,15,/images/products/sanitary/22.jpg,420,210,"[ObjectId('67b9d1d0cabe1f6047d8bb47'), ObjectId('67b9d457cabe1f6047d8c6c6'), ObjectId('67b9d86ecabe1f6047d8d737')]",2025-01-21 08:34:27.605,2025-02-22 14:00:34.341,25
678f5c1377bdc2dd8ccd0784,سوهان اصلاح برقی UltraCut,برقی پرو,"['بهداشتی', 'اصلاح صورت و بدن']",سوهانی با موتور UltraCut برای اصلاح سریع و دقیق با طراحی مدرن.,520000,442000,15,/images/products/sanitary/333.jpg,130,65,[],2025-01-21 08:34:27.898,2025-01-21 08:34:27.898,0
678f5c1477bdc2dd8ccd0788,لاک ناخن مات شب‌تاب,ناخن‌آر,"['ناخن', 'مراقبت ناخن']",لاک ناخن با رنگ مات شب‌تاب برای ظاهری شیک و مدرن.,130000,110500,15,/images/products/nail/2.jpg,270,135,[],2025-01-21 08:34:28.157,2025-01-21 08:34:28.157,0
678f5c1477bdc2dd8ccd078c,ست ابزار ناخن PlatinumSet,ناخندار,"['ناخن', 'تجهیزات و ابزار های ناخن']",ست کامل ابزارهای ناخن شامل میخک، قیچی، و لانچ پاک‌کننده با برند PlatinumSet.,1050000,892500,15,/images/products/nail/11.jpg,140,70,[ObjectId('67b9d457cabe1f6047d8c6c6')],2025-01-21 08:34:28.428,2025-02-22 13:43:53.409,3
678f5c1477bdc2dd8ccd0790,مسواک برقی CleanBright 9000,دنتا پرو,"['دهان و دندان', 'ابزار بهداشت دهان']",مسواک برقی با فناوری CleanBright 9000 برای تمیزکاری عمیق و موثر دندان‌ها.,580000,493000,15,/images/products/teeth/22.jpg,260,130,[],2025-01-21 08:34:28.690,2025-01-21 08:34:28.690,0
678f5c1477bdc2dd8ccd0794,پاک‌کننده دهان با عصاره نعناع MagicMint,همپگز,"['دهان و دندان', 'پاک کننده']",پاک‌کننده دهان با عصاره نعناع تازه برای تازگی نفس و حفاظت از دندان‌ها.,105000,89250,15,/images/products/teeth/11.jpg,450,225,"[ObjectId('678f671a77bdc2dd8ccd09eb'), ObjectId('67b9d00ccabe1f6047d8b810'), ObjectId('67b9d1d0cabe1f6047d8bb47'), ObjectId('67b9d3d7cabe1f6047d8c481'), ObjectId('67b9d4bccabe1f6047d8c821'), ObjectId('67b9d521cabe1f6047d8c9e8')]",2025-01-21 08:34:29.011,2025-02-22 13:52:40.167,24
678f5c1577bdc2dd8ccd0798,ماسک صورت ترکیبی عسل و آلوئه‌ورا,پوستین,"['بهداشتی', 'مراقبت صورت']",ماسک صورت با ترکیبی از عسل و آلوئه‌ورا برای تغذیه و نرم‌کنندگی پوست.,200000,170000,15,/images/products/sanitary/1.jpg,240,120,"[ObjectId('678f671a77bdc2dd8ccd09eb'), ObjectId('67b9d16bcabe1f6047d8b9e7'), ObjectId('67b9d2a5cabe1f6047d8be38'), ObjectId('67b9d37ecabe1f6047d8c281'), ObjectId('67b9d3d7cabe1f6047d8c481')]",2025-01-21 08:34:29.264,2025-02-22 13:40:56.701,13
678f5c1577bdc2dd8ccd079c,کله‌پاچه اصلاحی هوشمند ProTrim X,برقی پرو,"['بهداشتی', 'اصلاح صورت و بدن']",کله‌پاچه اصلاحی با فناوری ProTrim X برای اصلاح سریع و دقیق با کنترل هوشمند.,320000,272000,15,/images/products/sanitary/333.jpg,150,75,"[ObjectId('67b9d16bcabe1f6047d8b9e7'), ObjectId('67b9d3d7cabe1f6047d8c481'), ObjectId('67b9d4bccabe1f6047d8c821')]",2025-01-21 08:34:29.527,2025-02-22 13:44:45.450,11
678f5c1577bdc2dd8ccd07a0,اسپری محافظ مو SilverShield,موپلاس,"['مو', 'مراقبت مو']",اسپری محافظ مو با فناوری SilverShield برای حفظ درخشندگی و جلوگیری از آسیب حرارتی.,200000,170000,15,/images/products/hair/111.jpg,240,120,"[ObjectId('67b9d2a5cabe1f6047d8be38'), ObjectId('67b9d37ecabe1f6047d8c281'), ObjectId('67b9d521cabe1f6047d8c9e8'), ObjectId('67b9d563cabe1f6047d8cb5a'), ObjectId('67b9d734cabe1f6047d8d43e'), ObjectId('67b9d86ecabe1f6047d8d737')]",2025-01-21 08:34:29.777,2025-02-22 14:00:29.417,14
678f5c1577bdc2dd8ccd07a4,عطر و ادکلن صبح‌تاب,ایوانا,"['عطر', 'عطر و ادکلن']",عطر و ادکلنی با رایحه‌ای شاداب و انرژی‌بخش برای شروع روزی پرانرژی.,670000,569500,15,/images/products/perfume/11.jpg,170,85,"[ObjectId('678f671a77bdc2dd8ccd09eb'), ObjectId('67b9d16bcabe1f6047d8b9e7'), ObjectId('67b9d37ecabe1f6047d8c281'), ObjectId('67b9d521cabe1f6047d8c9e8')]",2025-01-21 08:34:30.035,2025-02-22 13:46:21.100,12
678f5c1677bdc2dd8ccd07a8,شامپو تغذیه‌کننده با عصاره چای سبز,موی نرم,"['مو', 'مراقبت مو']",شامپو تغذیه‌کننده با عصاره چای سبز برای تقویت و درخشش طبیعی موها.,230000,195500,15,/images/products/hair/1.jpg,240,120,"[ObjectId('67b9d32ecabe1f6047d8c072'), ObjectId('67b9d37ecabe1f6047d8c281'), ObjectId('67b9d521cabe1f6047d8c9e8')]",2025-01-21 08:34:30.294,2025-02-22 13:46:18.677,13
